Workbook

Sheet Sheet1
B1: 1 | C1: 2 | D1: 3 | E1: 4 | F1: 5 | G1: 6 | H1: 7 | I1: 8 | J1: 9 | K1: 10 | L1: 11 | M1: 12
A2: A | B2: 0.093 | C2: 0.097 | D2: 0.094 | E2: 0.093 | F2: 0.089 | G2: 0.093 | N2: 632 | O2: unblanked, not path corrected
A3: B | B3: 0.098 | C3: 0.092 | D3: 0.093 | E3: 0.089 | F3: 0.117 | G3: 0.094 | N3: 632
A4: C | B4: 0.093 | C4: 0.103 | D4: 0.092 | E4: 0.092 | F4: 0.094 | G4: 0.091 | N4: 632
A5: D | B5: 0.092 | C5: 0.105 | D5: 0.091 | N5: 632
A6: E | B6: 0.186 | C6: 0.086 | D6: 0.088 | N6: 632
A7: F | B7: 0.09 | C7: 0.09 | D7: 0.098 | N7: 632
A8: G | B8: 0.128 | C8: 0.088 | D8: 0.09 | N8: 632
A9: H | B9: 0.089 | C9: 0.091 | D9: 0.091 | N9: 632
B11: 1 | C11: 2 | D11: 3 | E11: 4 | F11: 5 | G11: 6 | H11: 7 | I11: 8 | J11: 9 | K11: 10 | L11: 11 | M11: 12
A12: A | B12: 0.091 | C12: 0.095 | D12: 0.091 | E12: 0.092 | F12: 0.088 | G12: 0.091 | N12: 649 | O12: unblanked, not path corrected
A13: B | B13: 0.096 | C13: 0.089 | D13: 0.092 | E13: 0.088 | F13: 0.116 | G13: 0.093 | N13: 649
A14: C | B14: 0.091 | C14: 0.1 | D14: 0.091 | E14: 0.089 | F14: 0.092 | G14: 0.089 | N14: 649
A15: D | B15: 0.09 | C15: 0.103 | D15: 0.09 | N15: 649
A16: E | B16: 0.185 | C16: 0.085 | D16: 0.087 | N16: 649
A17: F | B17: 0.088 | C17: 0.087 | D17: 0.097 | N17: 649
A18: G | B18: 0.125 | C18: 0.086 | D18: 0.089 | N18: 649
A19: H | B19: 0.089 | C19: 0.089 | D19: 0.09 | N19: 649
B21: 1 | C21: 2 | D21: 3 | E21: 4 | F21: 5 | G21: 6 | H21: 7 | I21: 8 | J21: 9 | K21: 10 | L21: 11 | M21: 12
A22: A | B22: 0.09 | C22: 0.093 | D22: 0.09 | E22: 0.092 | F22: 0.087 | G22: 0.09 | N22: 665 | O22: unblanked, not path corrected
A23: B | B23: 0.095 | C23: 0.088 | D23: 0.092 | E23: 0.088 | F23: 0.116 | G23: 0.093 | N23: 665
A24: C | B24: 0.089 | C24: 0.099 | D24: 0.091 | E24: 0.087 | F24: 0.091 | G24: 0.087 | N24: 665
A25: D | B25: 0.088 | C25: 0.102 | D25: 0.089 | N25: 665
A26: E | B26: 0.185 | C26: 0.084 | D26: 0.085 | N26: 665
A27: F | B27: 0.088 | C27: 0.086 | D27: 0.095 | N27: 665
A28: G | B28: 0.123 | C28: 0.086 | D28: 0.087 | N28: 665
A29: H | B29: 0.088 | C29: 0.088 | D29: 0.09 | N29: 665
B31: 1 | C31: 2 | D31: 3 | E31: 4 | F31: 5 | G31: 6 | H31: 7 | I31: 8 | J31: 9 | K31: 10 | L31: 11 | M31: 12
A32: A | B32: 0.089 | C32: 0.092 | D32: 0.09 | E32: 0.089 | F32: 0.085 | G32: 0.089 | N32: 696 | O32: unblanked, not path corrected
A33: B | B33: 0.094 | C33: 0.088 | D33: 0.089 | E33: 0.087 | F33: 0.114 | G33: 0.09 | N33: 696
A34: C | B34: 0.088 | C34: 0.097 | D34: 0.09 | E34: 0.087 | F34: 0.09 | G34: 0.087 | N34: 696
A35: D | B35: 0.087 | C35: 0.1 | D35: 0.088 | N35: 696
A36: E | B36: 0.185 | C36: 0.083 | D36: 0.083 | N36: 696
A37: F | B37: 0.087 | C37: 0.086 | D37: 0.091 | N37: 696
A38: G | B38: 0.12 | C38: 0.086 | D38: 0.084 | N38: 696
A39: H | B39: 0.086 | C39: 0.086 | D39: 0.088 | N39: 696
B41: 1 | C41: 2 | D41: 3 | E41: 4 | F41: 5 | G41: 6 | H41: 7 | I41: 8 | J41: 9 | K41: 10 | L41: 11 | M41: 12
A42: A | B42: 0.092 | C42: 0.092 | D42: 0.09 | E42: 0.096 | F42: 0.098 | G42: 0.092 | N42: Read 1:977 [Test] | O42: path test
A43: B | B43: 0.108 | C43: 0.097 | D43: 0.098 | E43: 0.096 | F43: 0.094 | G43: 0.099 | N43: Read 1:977 [Test]
A44: C | B44: 0.101 | C44: 0.105 | D44: 0.097 | E44: 0.145 | F44: 0.095 | G44: 0.093 | N44: Read 1:977 [Test]
A45: D | B45: 0.096 | C45: 0.093 | D45: 0.095 | N45: Read 1:977 [Test]
A46: E | B46: 0.127 | C46: 0.118 | D46: 0.095 | N46: Read 1:977 [Test]
A47: F | B47: 0.098 | C47: 0.094 | D47: 0.101 | N47: Read 1:977 [Test]
A48: G | B48: 0.119 | C48: 0.096 | D48: 0.097 | N48: Read 1:977 [Test]
A49: H | B49: 0.094 | C49: 0.095 | D49: 0.097 | N49: Read 1:977 [Test]
B51: 1 | C51: 2 | D51: 3 | E51: 4 | F51: 5 | G51: 6 | H51: 7 | I51: 8 | J51: 9 | K51: 10 | L51: 11 | M51: 12
A52: A | B52: 0.091 | C52: 0.089 | D52: 0.09 | E52: 0.093 | F52: 0.093 | G52: 0.089 | N52: Read 1:900 [Ref] | O52: path test
A53: B | B53: 0.098 | C53: 0.093 | D53: 0.091 | E53: 0.092 | F53: 0.091 | G53: 0.096 | N53: Read 1:900 [Ref]
A54: C | B54: 0.096 | C54: 0.099 | D54: 0.091 | E54: 0.146 | F54: 0.092 | G54: 0.09 | N54: Read 1:900 [Ref]
A55: D | B55: 0.091 | C55: 0.089 | D55: 0.09 | N55: Read 1:900 [Ref]
A56: E | B56: 0.125 | C56: 0.109 | D56: 0.092 | N56: Read 1:900 [Ref]
A57: F | B57: 0.093 | C57: 0.091 | D57: 0.097 | N57: Read 1:900 [Ref]
A58: G | B58: 0.113 | C58: 0.092 | D58: 0.09 | N58: Read 1:900 [Ref]
A59: H | B59: 0.088 | C59: 0.092 | D59: 0.094 | N59: Read 1:900 [Ref]
B61: 1 | C61: 2 | D61: 3 | E61: 4 | F61: 5 | G61: 6 | H61: 7 | I61: 8 | J61: 9 | K61: 10 | L61: 11 | M61: 12 | P61: 1 | Q61: 2 | R61: 3 | S61: 4 | T61: 5 | U61: 6 | V61: 7 | W61: 8 | X61: 9 | Y61: 10 | Z61: 11 | AA61: 12
A62: A | B62: 0.089 | C62: 0.091 | D62: 0.091 | E62: 0.122 | F62: 0.126 | G62: 0.11 | N62: Read 1:632 | O62: A | P62: 0.088 | Q62: 0.091 | R62: 0.09 | S62: 0.121 | T62: 0.125 | U62: 0.11 | AB62: Read 2:632
A63: B | B63: 0.136 | C63: 0.117 | D63: 0.127 | E63: 0.121 | F63: 0.121 | G63: 0.125 | N63: Read 1:632 | O63: B | P63: 0.134 | Q63: 0.117 | R63: 0.126 | S63: 0.113 | T63: 0.12 | U63: 0.128 | AB63: Read 2:632
A64: C | B64: 0.138 | C64: 0.126 | D64: 0.119 | E64: 0.171 | F64: 0.126 | G64: 0.123 | N64: Read 1:632 | O64: C | P64: 0.136 | Q64: 0.126 | R64: 0.118 | S64: 0.179 | T64: 0.124 | U64: 0.122 | AB64: Read 2:632
A65: D | B65: 0.115 | C65: 0.128 | D65: 0.117 | N65: Read 1:632 | O65: D | P65: 0.114 | Q65: 0.127 | R65: 0.117 | AB65: Read 2:632
A66: E | B66: 0.167 | C66: 0.144 | D66: 0.115 | N66: Read 1:632 | O66: E | P66: 0.174 | Q66: 0.135 | R66: 0.114 | AB66: Read 2:632
A67: F | B67: 0.11 | C67: 0.113 | D67: 0.116 | N67: Read 1:632 | O67: F | P67: 0.109 | Q67: 0.112 | R67: 0.116 | AB67: Read 2:632
A68: G | B68: 0.162 | C68: 0.124 | D68: 0.119 | N68: Read 1:632 | O68: G | P68: 0.155 | Q68: 0.124 | R68: 0.119 | AB68: Read 2:632
A69: H | B69: 0.112 | C69: 0.113 | D69: 0.118 | N69: Read 1:632 | O69: H | P69: 0.112 | Q69: 0.112 | R69: 0.116 | AB69: Read 2:632
B71: 1 | C71: 2 | D71: 3 | E71: 4 | F71: 5 | G71: 6 | H71: 7 | I71: 8 | J71: 9 | K71: 10 | L71: 11 | M71: 12 | P71: 1 | Q71: 2 | R71: 3 | S71: 4 | T71: 5 | U71: 6 | V71: 7 | W71: 8 | X71: 9 | Y71: 10 | Z71: 11 | AA71: 12
A72: A | B72: 0.087 | C72: 0.089 | D72: 0.088 | E72: 0.114 | F72: 0.117 | G72: 0.103 | N72: Read 1:649 | O72: A | P72: 0.086 | Q72: 0.089 | R72: 0.088 | S72: 0.114 | T72: 0.117 | U72: 0.102 | AB72: Read 2:649
A73: B | B73: 0.128 | C73: 0.11 | D73: 0.121 | E73: 0.11 | F73: 0.118 | G73: 0.123 | N73: Read 1:649 | O73: B | P73: 0.127 | Q73: 0.111 | R73: 0.12 | S73: 0.11 | T73: 0.117 | U73: 0.126 | AB73: Read 2:649
A74: C | B74: 0.133 | C74: 0.121 | D74: 0.116 | E74: 0.17 | F74: 0.122 | G74: 0.117 | N74: Read 1:649 | O74: C | P74: 0.131 | Q74: 0.121 | R74: 0.115 | S74: 0.173 | T74: 0.12 | U74: 0.117 | AB74: Read 2:649
A75: D | B75: 0.11 | C75: 0.123 | D75: 0.113 | N75: Read 1:649 | O75: D | P75: 0.109 | Q75: 0.122 | R75: 0.113 | AB75: Read 2:649
A76: E | B76: 0.157 | C76: 0.132 | D76: 0.108 | N76: Read 1:649 | O76: E | P76: 0.167 | Q76: 0.124 | R76: 0.108 | AB76: Read 2:649
A77: F | B77: 0.106 | C77: 0.109 | D77: 0.114 | N77: Read 1:649 | O77: F | P77: 0.105 | Q77: 0.107 | R77: 0.113 | AB77: Read 2:649
A78: G | B78: 0.151 | C78: 0.118 | D78: 0.113 | N78: Read 1:649 | O78: G | P78: 0.145 | Q78: 0.117 | R78: 0.113 | AB78: Read 2:649
A79: H | B79: 0.106 | C79: 0.105 | D79: 0.111 | N79: Read 1:649 | O79: H | P79: 0.106 | Q79: 0.105 | R79: 0.11 | AB79: Read 2:649
B81: 1 | C81: 2 | D81: 3 | E81: 4 | F81: 5 | G81: 6 | H81: 7 | I81: 8 | J81: 9 | K81: 10 | L81: 11 | M81: 12 | P81: 1 | Q81: 2 | R81: 3 | S81: 4 | T81: 5 | U81: 6 | V81: 7 | W81: 8 | X81: 9 | Y81: 10 | Z81: 11 | AA81: 12
A82: A | B82: 0.086 | C82: 0.088 | D82: 0.087 | E82: 0.148 | F82: 0.155 | G82: 0.127 | N82: Read 1:665 | O82: A | P82: 0.085 | Q82: 0.088 | R82: 0.087 | S82: 0.148 | T82: 0.153 | U82: 0.127 | AB82: Read 2:665
A83: B | B83: 0.185 | C83: 0.141 | D83: 0.17 | E83: 0.148 | F83: 0.174 | G83: 0.171 | N83: Read 1:665 | O83: B | P83: 0.184 | Q83: 0.144 | R83: 0.17 | S83: 0.147 | T83: 0.172 | U83: 0.173 | AB83: Read 2:665
A84: C | B84: 0.204 | C84: 0.163 | D84: 0.163 | E84: 0.216 | F84: 0.181 | G84: 0.169 | N84: Read 1:665 | O84: C | P84: 0.2 | Q84: 0.163 | R84: 0.161 | S84: 0.218 | T84: 0.177 | U84: 0.168 | AB84: Read 2:665
A85: D | B85: 0.149 | C85: 0.187 | D85: 0.157 | N85: Read 1:665 | O85: D | P85: 0.147 | Q85: 0.185 | R85: 0.157 | AB85: Read 2:665
A86: E | B86: 0.185 | C86: 0.15 | D86: 0.133 | N86: Read 1:665 | O86: E | P86: 0.195 | Q86: 0.143 | R86: 0.133 | AB86: Read 2:665
A87: F | B87: 0.133 | C87: 0.146 | D87: 0.144 | N87: Read 1:665 | O87: F | P87: 0.132 | Q87: 0.144 | R87: 0.142 | AB87: Read 2:665
A88: G | B88: 0.203 | C88: 0.168 | D88: 0.15 | N88: Read 1:665 | O88: G | P88: 0.2 | Q88: 0.167 | R88: 0.15 | AB88: Read 2:665
A89: H | B89: 0.132 | C89: 0.134 | D89: 0.145 | N89: Read 1:665 | O89: H | P89: 0.132 | Q89: 0.134 | R89: 0.143 | AB89: Read 2:665
B91: 1 | C91: 2 | D91: 3 | E91: 4 | F91: 5 | G91: 6 | H91: 7 | I91: 8 | J91: 9 | K91: 10 | L91: 11 | M91: 12 | P91: 1 | Q91: 2 | R91: 3 | S91: 4 | T91: 5 | U91: 6 | V91: 7 | W91: 8 | X91: 9 | Y91: 10 | Z91: 11 | AA91: 12
A92: A | B92: 0.085 | C92: 0.087 | D92: 0.087 | E92: 0.09 | F92: 0.09 | G92: 0.086 | N92: Read 1:696 | O92: A | P92: 0.085 | Q92: 0.087 | R92: 0.087 | S92: 0.09 | T92: 0.09 | U92: 0.086 | AB92: Read 2:696
A93: B | B93: 0.097 | C93: 0.092 | D93: 0.093 | E93: 0.091 | F93: 0.092 | G93: 0.1 | N93: Read 1:696 | O93: B | P93: 0.096 | Q93: 0.094 | R93: 0.093 | S93: 0.091 | T93: 0.092 | U93: 0.102 | AB93: Read 2:696
A94: C | B94: 0.097 | C94: 0.098 | D94: 0.092 | E94: 0.149 | F94: 0.093 | G94: 0.092 | N94: Read 1:696 | O94: C | P94: 0.097 | Q94: 0.098 | R94: 0.092 | S94: 0.157 | T94: 0.092 | U94: 0.092 | AB94: Read 2:696
A95: D | B95: 0.088 | C95: 0.089 | D95: 0.089 | N95: Read 1:696 | O95: D | P95: 0.088 | Q95: 0.089 | R95: 0.089 | AB95: Read 2:696
A96: E | B96: 0.135 | C96: 0.115 | D96: 0.089 | N96: Read 1:696 | O96: E | P96: 0.145 | Q96: 0.109 | R96: 0.089 | AB96: Read 2:696
A97: F | B97: 0.092 | C97: 0.089 | D97: 0.093 | N97: Read 1:696 | O97: F | P97: 0.092 | Q97: 0.089 | R97: 0.093 | AB97: Read 2:696
A98: G | B98: 0.118 | C98: 0.091 | D98: 0.088 | N98: Read 1:696 | O98: G | P98: 0.114 | Q98: 0.091 | R98: 0.088 | AB98: Read 2:696
A99: H | B99: 0.088 | C99: 0.087 | D99: 0.091 | N99: Read 1:696 | O99: H | P99: 0.089 | Q99: 0.087 | R99: 0.091 | AB99: Read 2:696
B101: 1 | C101: 2 | D101: 3 | E101: 4 | F101: 5 | G101: 6 | H101: 7 | I101: 8 | J101: 9 | K101: 10 | L101: 11 | M101: 12
A102: A | B102: 0.088 | C102: 0.091 | D102: 0.09 | E102: 0.121 | F102: 0.125 | G102: 0.11 | N102: Read 2:632
A103: B | B103: 0.134 | C103: 0.117 | D103: 0.126 | E103: 0.113 | F103: 0.12 | G103: 0.128 | N103: Read 2:632
A104: C | B104: 0.136 | C104: 0.126 | D104: 0.118 | E104: 0.179 | F104: 0.124 | G104: 0.122 | N104: Read 2:632
A105: D | B105: 0.114 | C105: 0.127 | D105: 0.117 | N105: Read 2:632
A106: E | B106: 0.174 | C106: 0.135 | D106: 0.114 | N106: Read 2:632
A107: F | B107: 0.109 | C107: 0.112 | D107: 0.116 | N107: Read 2:632
A108: G | B108: 0.155 | C108: 0.124 | D108: 0.119 | N108: Read 2:632
A109: H | B109: 0.112 | C109: 0.112 | D109: 0.116 | N109: Read 2:632
B111: 1 | C111: 2 | D111: 3 | E111: 4 | F111: 5 | G111: 6 | H111: 7 | I111: 8 | J111: 9 | K111: 10 | L111: 11 | M111: 12
...

Sheet Read 1
C1: 1 | D1: 2 | E1: 3 | F1: 4 | G1: 5 | H1: 6 | I1: 7 | J1: 8 | K1: 9 | L1: 10 | M1: 11 | N1: 12
B2: A | C2: 0.089 | D2: 0.091 | E2: 0.091 | F2: 0.122 | G2: 0.126 | H2: 0.11 | O2: Read 1:632
B3: B | C3: 0.136 | D3: 0.117 | E3: 0.127 | F3: 0.121 | G3: 0.121 | H3: 0.125 | O3: Read 1:632
B4: C | C4: 0.138 | D4: 0.126 | E4: 0.119 | F4: 0.171 | G4: 0.126 | H4: 0.123 | O4: Read 1:632
B5: D | C5: 0.115 | D5: 0.128 | E5: 0.117 | O5: Read 1:632
B6: E | C6: 0.167 | D6: 0.144 | E6: 0.115 | O6: Read 1:632
B7: F | C7: 0.11 | D7: 0.113 | E7: 0.116 | O7: Read 1:632
B8: G | C8: 0.162 | D8: 0.124 | E8: 0.119 | O8: Read 1:632
B9: H | C9: 0.112 | D9: 0.113 | E9: 0.118 | O9: Read 1:632
C11: 1 | D11: 2 | E11: 3 | F11: 4 | G11: 5 | H11: 6 | I11: 7 | J11: 8 | K11: 9 | L11: 10 | M11: 11 | N11: 12
B12: A | C12: 0.087 | D12: 0.089 | E12: 0.088 | F12: 0.114 | G12: 0.117 | H12: 0.103 | O12: Read 1:649
B13: B | C13: 0.128 | D13: 0.11 | E13: 0.121 | F13: 0.11 | G13: 0.118 | H13: 0.123 | O13: Read 1:649
B14: C | C14: 0.133 | D14: 0.121 | E14: 0.116 | F14: 0.17 | G14: 0.122 | H14: 0.117 | O14: Read 1:649
B15: D | C15: 0.11 | D15: 0.123 | E15: 0.113 | O15: Read 1:649
B16: E | C16: 0.157 | D16: 0.132 | E16: 0.108 | O16: Read 1:649
B17: F | C17: 0.106 | D17: 0.109 | E17: 0.114 | O17: Read 1:649
B18: G | C18: 0.151 | D18: 0.118 | E18: 0.113 | O18: Read 1:649
B19: H | C19: 0.106 | D19: 0.105 | E19: 0.111 | O19: Read 1:649
C21: 1 | D21: 2 | E21: 3 | F21: 4 | G21: 5 | H21: 6 | I21: 7 | J21: 8 | K21: 9 | L21: 10 | M21: 11 | N21: 12
B22: A | C22: 0.086 | D22: 0.088 | E22: 0.087 | F22: 0.148 | G22: 0.155 | H22: 0.127 | O22: Read 1:665
B23: B | C23: 0.185 | D23: 0.141 | E23: 0.17 | F23: 0.148 | G23: 0.174 | H23: 0.171 | O23: Read 1:665
B24: C | C24: 0.204 | D24: 0.163 | E24: 0.163 | F24: 0.216 | G24: 0.181 | H24: 0.169 | O24: Read 1:665
B25: D | C25: 0.149 | D25: 0.187 | E25: 0.157 | O25: Read 1:665
B26: E | C26: 0.185 | D26: 0.15 | E26: 0.133 | O26: Read 1:665
B27: F | C27: 0.133 | D27: 0.146 | E27: 0.144 | O27: Read 1:665
B28: G | C28: 0.203 | D28: 0.168 | E28: 0.15 | O28: Read 1:665
B29: H | C29: 0.132 | D29: 0.134 | E29: 0.145 | O29: Read 1:665
C31: 1 | D31: 2 | E31: 3 | F31: 4 | G31: 5 | H31: 6 | I31: 7 | J31: 8 | K31: 9 | L31: 10 | M31: 11 | N31: 12
B32: A | C32: 0.085 | D32: 0.087 | E32: 0.087 | F32: 0.09 | G32: 0.09 | H32: 0.086 | O32: Read 1:696
B33: B | C33: 0.097 | D33: 0.092 | E33: 0.093 | F33: 0.091 | G33: 0.092 | H33: 0.1 | O33: Read 1:696
B34: C | C34: 0.097 | D34: 0.098 | E34: 0.092 | F34: 0.149 | G34: 0.093 | H34: 0.092 | O34: Read 1:696
B35: D | C35: 0.088 | D35: 0.089 | E35: 0.089 | O35: Read 1:696
B36: E | C36: 0.135 | D36: 0.115 | E36: 0.089 | O36: Read 1:696
B37: F | C37: 0.092 | D37: 0.089 | E37: 0.093 | O37: Read 1:696
B38: G | C38: 0.118 | D38: 0.091 | E38: 0.088 | O38: Read 1:696
B39: H | C39: 0.088 | D39: 0.087 | E39: 0.091 | O39: Read 1:696
A41: plate | B41: Platereader well ID | C41: value | D41: sample ID | E41: average blank | F41: blank corrected value | H41: replicate
A42: Read 1:632 | B42: A | C42: 0.089 | D42: blank | E42: =AVERAGE(C42,C50,C58) -> 0.090333333 | F42: =C42-E$42 -> -0.0013333333 | H42: 1
A43: Read 1:632 | B43: B | C43: 0.136 | D43: 98 | F43: =C43-E$42 -> 0.045666667 | H43: 1
A44: Read 1:632 | B44: C | C44: 0.138 | D44: 103 | F44: =C44-E$42 -> 0.047666667 | H44: 1
A45: Read 1:632 | B45: D | C45: 0.115 | D45: 42 | F45: =C45-E$42 -> 0.024666667 | H45: 1
A46: Read 1:632 | B46: E | C46: 0.167 | D46: 50 | F46: =C46-E$42 -> 0.076666667 | H46: 1
A47: Read 1:632 | B47: F | C47: 0.11 | D47: 57 | F47: =C47-E$42 -> 0.019666667 | H47: 1
A48: Read 1:632 | B48: G | C48: 0.162 | D48: 59 | F48: =C48-E$42 -> 0.071666667 | H48: 1
A49: Read 1:632 | B49: H | C49: 0.112 | D49: 79 | F49: =C49-E$42 -> 0.021666667 | H49: 1
A50: Read 1:632 | B50: A | C50: 0.091 | D50: blank | F50: =C50-E$42 -> 0.00066666667 | H50: 2
A51: Read 1:632 | B51: B | C51: 0.117 | D51: 98 | F51: =C51-E$42 -> 0.026666667 | H51: 2
A52: Read 1:632 | B52: C | C52: 0.126 | D52: 103 | F52: =C52-E$42 -> 0.035666667 | H52: 2
A53: Read 1:632 | B53: D | C53: 0.128 | D53: 42 | F53: =C53-E$42 -> 0.037666667 | H53: 2
A54: Read 1:632 | B54: E | C54: 0.144 | D54: 50 | F54: =C54-E$42 -> 0.053666667 | H54: 2
A55: Read 1:632 | B55: F | C55: 0.113 | D55: 57 | F55: =C55-E$42 -> 0.022666667 | H55: 2
A56: Read 1:632 | B56: G | C56: 0.124 | D56: 59 | F56: =C56-E$42 -> 0.033666667 | H56: 2
A57: Read 1:632 | B57: H | C57: 0.113 | D57: 79 | F57: =C57-E$42 -> 0.022666667 | H57: 2
A58: Read 1:632 | B58: A | C58: 0.091 | D58: blank | F58: =C58-E$42 -> 0.00066666667 | H58: 3
A59: Read 1:632 | B59: B | C59: 0.127 | D59: 98 | F59: =C59-E$42 -> 0.036666667 | H59: 3
A60: Read 1:632 | B60: C | C60: 0.119 | D60: 103 | F60: =C60-E$42 -> 0.028666667 | H60: 3
A61: Read 1:632 | B61: D | C61: 0.117 | D61: 42 | F61: =C61-E$42 -> 0.026666667 | H61: 3
A62: Read 1:632 | B62: E | C62: 0.115 | D62: 50 | F62: =C62-E$42 -> 0.024666667 | H62: 3
A63: Read 1:632 | B63: F | C63: 0.116 | D63: 57 | F63: =C63-E$42 -> 0.025666667 | H63: 3
A64: Read 1:632 | B64: G | C64: 0.119 | D64: 59 | F64: =C64-E$42 -> 0.028666667 | H64: 3
A65: Read 1:632 | B65: H | C65: 0.118 | D65: 79 | F65: =C65-E$42 -> 0.027666667 | H65: 3
A66: Read 1:632 | B66: A | C66: 0.122 | D66: 86 | F66: =C66-E$42 -> 0.031666667 | H66: 1
A67: Read 1:632 | B67: B | C67: 0.121 | D67: 26 | F67: =C67-E$42 -> 0.030666667 | H67: 1
A68: Read 1:632 | B68: C | C68: 0.171 | D68: 30 | F68: =C68-E$42 -> 0.080666667 | H68: 1
A69: Read 1:632 | B69: A | C69: 0.126 | D69: 86 | F69: =C69-E$42 -> 0.035666667 | H69: 2
A70: Read 1:632 | B70: B | C70: 0.121 | D70: 26 | F70: =C70-E$42 -> 0.030666667 | H70: 2
... A74: Read 1:632 | B74: C | C74: 0.123 | D74: 30 | F74: =C74-E$42 -> 0.032666667 | H74: 3
A75: Read 1:649 | B75: A | C75: 0.087 | D75: blank | E75: =AVERAGE(C75,C83,C91) -> 0.088 | F75: =C75-E$75 -> -0.001 | H75: 1
A76: Read 1:649 | B76: B | C76: 0.128 | D76: 98 | F76: =C76-E$75 -> 0.04 | H76: 1
A77: Read 1:649 | B77: C | C77: 0.133 | D77: 103 | F77: =C77-E$75 -> 0.045 | H77: 1
A78: Read 1:649 | B78: D | C78: 0.11 | D78: 42 | F78: =C78-E$75 -> 0.022 | H78: 1
A79: Read 1:649 | B79: E | C79: 0.157 | D79: 50 | F79: =C79-E$75 -> 0.069 | H79: 1
A80: Read 1:649 | B80: F | C80: 0.106 | D80: 57 | F80: =C80-E$75 -> 0.018 | H80: 1
A81: Read 1:649 | B81: G | C81: 0.151 | D81: 59 | F81: =C81-E$75 -> 0.063 | H81: 1
A82: Read 1:649 | B82: H | C82: 0.106 | D82: 79 | F82: =C82-E$75 -> 0.018 | H82: 1
A83: Read 1:649 | B83: A | C83: 0.089 | D83: blank | F83: =C83-E$75 -> 0.001 | H83: 2
A84: Read 1:649 | B84: B | C84: 0.11 | D84: 98 | F84: =C84-E$75 -> 0.022 | H84: 2
A85: Read 1:649 | B85: C | C85: 0.121 | D85: 103 | F85: =C85-E$75 -> 0.033 | H85: 2
A86: Read 1:649 | B86: D | C86: 0.123 | D86: 42 | F86: =C86-E$75 -> 0.035 | H86: 2
A87: Read 1:649 | B87: E | C87: 0.132 | D87: 50 | F87: =C87-E$75 -> 0.044 | H87: 2
A88: Read 1:649 | B88: F | C88: 0.109 | D88: 57 | F88: =C88-E$75 -> 0.021 | H88: 2
A89: Read 1:649 | B89: G | C89: 0.118 | D89: 59 | F89: =C89-E$75 -> 0.03 | H89: 2
A90: Read 1:649 | B90: H | C90: 0.105 | D90: 79 | F90: =C90-E$75 -> 0.017 | H90: 2
A91: Read 1:649 | B91: A | C91: 0.088 | D91: blank | F91: =C91-E$75 -> 0 | H91: 3
A92: Read 1:649 | B92: B | C92: 0.121 | D92: 98 | F92: =C92-E$75 -> 0.033 | H92: 3
A93: Read 1:649 | B93: C | C93: 0.116 | D93: 103 | F93: =C93-E$75 -> 0.028 | H93: 3
A94: Read 1:649 | B94: D | C94: 0.113 | D94: 42 | F94: =C94-E$75 -> 0.025 | H94: 3
A95: Read 1:649 | B95: E | C95: 0.108 | D95: 50 | F95: =C95-E$75 -> 0.02 | H95: 3
A96: Read 1:649 | B96: F | C96: 0.114 | D96: 57 | F96: =C96-E$75 -> 0.026 | H96: 3
A97: Read 1:649 | B97: G | C97: 0.113 | D97: 59 | F97: =C97-E$75 -> 0.025 | H97: 3
A98: Read 1:649 | B98: H | C98: 0.111 | D98: 79 | F98: =C98-E$75 -> 0.023 | H98: 3
A99: Read 1:649 | B99: A | C99: 0.114 | D99: 86 | F99: =C99-E$75 -> 0.026 | H99: 1
A100: Read 1:649 | B100: B | C100: 0.11 | D100: 26 | F100: =C100-E$75 -> 0.022 | H100: 1
A101: Read 1:649 | B101: C | C101: 0.17 | D101: 30 | F101: =C101-E$75 -> 0.082 | H101: 1
A102: Read 1:649 | B102: A | C102: 0.117 | D102: 86 | F102: =C102-E$75 -> 0.029 | H102: 2
A103: Read 1:649 | B103: B | C103: 0.118 | D103: 26 | F103: =C103-E$75 -> 0.03 | H103: 2
... A107: Read 1:649 | B107: C | C107: 0.117 | D107: 30 | F107: =C107-E$75 -> 0.029 | H107: 3
A108: Read 1:665 | B108: A | C108: 0.086 | D108: blank | E108: =AVERAGE(C108,C116,C124) -> 0.087333333 | F108: =C108-E$108 -> -0.0013333333 | H108: 1
A109: Read 1:665 | B109: B | C109: 0.185 | D109: 98 | F109: =C109-E$108 -> 0.097666667 | H109: 1
A110: Read 1:665 | B110: C | C110: 0.204 | D110: 103 | F110: =C110-E$108 -> 0.11666667 | H110: 1
...

Sheet Read 2
B1: 1 | C1: 2 | D1: 3 | E1: 4 | F1: 5 | G1: 6 | H1: 7 | I1: 8 | J1: 9 | K1: 10 | L1: 11 | M1: 12
A2: A | B2: 0.088 | C2: 0.091 | D2: 0.09 | E2: 0.121 | F2: 0.125 | G2: 0.11 | N2: Read 2:632
A3: B | B3: 0.134 | C3: 0.117 | D3: 0.126 | E3: 0.113 | F3: 0.12 | G3: 0.128 | N3: Read 2:632
A4: C | B4: 0.136 | C4: 0.126 | D4: 0.118 | E4: 0.179 | F4: 0.124 | G4: 0.122 | N4: Read 2:632
A5: D | B5: 0.114 | C5: 0.127 | D5: 0.117 | N5: Read 2:632
A6: E | B6: 0.174 | C6: 0.135 | D6: 0.114 | N6: Read 2:632
A7: F | B7: 0.109 | C7: 0.112 | D7: 0.116 | N7: Read 2:632
A8: G | B8: 0.155 | C8: 0.124 | D8: 0.119 | N8: Read 2:632
A9: H | B9: 0.112 | C9: 0.112 | D9: 0.116 | N9: Read 2:632
B11: 1 | C11: 2 | D11: 3 | E11: 4 | F11: 5 | G11: 6 | H11: 7 | I11: 8 | J11: 9 | K11: 10 | L11: 11 | M11: 12
A12: A | B12: 0.086 | C12: 0.089 | D12: 0.088 | E12: 0.114 | F12: 0.117 | G12: 0.102 | N12: Read 2:649
A13: B | B13: 0.127 | C13: 0.111 | D13: 0.12 | E13: 0.11 | F13: 0.117 | G13: 0.126 | N13: Read 2:649
A14: C | B14: 0.131 | C14: 0.121 | D14: 0.115 | E14: 0.173 | F14: 0.12 | G14: 0.117 | N14: Read 2:649
A15: D | B15: 0.109 | C15: 0.122 | D15: 0.113 | N15: Read 2:649
A16: E | B16: 0.167 | C16: 0.124 | D16: 0.108 | N16: Read 2:649
A17: F | B17: 0.105 | C17: 0.107 | D17: 0.113 | N17: Read 2:649
A18: G | B18: 0.145 | C18: 0.117 | D18: 0.113 | N18: Read 2:649
A19: H | B19: 0.106 | C19: 0.105 | D19: 0.11 | N19: Read 2:649
B21: 1 | C21: 2 | D21: 3 | E21: 4 | F21: 5 | G21: 6 | H21: 7 | I21: 8 | J21: 9 | K21: 10 | L21: 11 | M21: 12
A22: A | B22: 0.085 | C22: 0.088 | D22: 0.087 | E22: 0.148 | F22: 0.153 | G22: 0.127 | N22: Read 2:665
A23: B | B23: 0.184 | C23: 0.144 | D23: 0.17 | E23: 0.147 | F23: 0.172 | G23: 0.173 | N23: Read 2:665
A24: C | B24: 0.2 | C24: 0.163 | D24: 0.161 | E24: 0.218 | F24: 0.177 | G24: 0.168 | N24: Read 2:665
A25: D | B25: 0.147 | C25: 0.185 | D25: 0.157 | N25: Read 2:665
A26: E | B26: 0.195 | C26: 0.143 | D26: 0.133 | N26: Read 2:665
A27: F | B27: 0.132 | C27: 0.144 | D27: 0.142 | N27: Read 2:665
A28: G | B28: 0.2 | C28: 0.167 | D28: 0.15 | N28: Read 2:665
A29: H | B29: 0.132 | C29: 0.134 | D29: 0.143 | N29: Read 2:665
B31: 1 | C31: 2 | D31: 3 | E31: 4 | F31: 5 | G31: 6 | H31: 7 | I31: 8 | J31: 9 | K31: 10 | L31: 11 | M31: 12
A32: A | B32: 0.085 | C32: 0.087 | D32: 0.087 | E32: 0.09 | F32: 0.09 | G32: 0.086 | N32: Read 2:696
A33: B | B33: 0.096 | C33: 0.094 | D33: 0.093 | E33: 0.091 | F33: 0.092 | G33: 0.102 | N33: Read 2:696
A34: C | B34: 0.097 | C34: 0.098 | D34: 0.092 | E34: 0.157 | F34: 0.092 | G34: 0.092 | N34: Read 2:696
A35: D | B35: 0.088 | C35: 0.089 | D35: 0.089 | N35: Read 2:696
A36: E | B36: 0.145 | C36: 0.109 | D36: 0.089 | N36: Read 2:696
A37: F | B37: 0.092 | C37: 0.089 | D37: 0.093 | N37: Read 2:696
A38: G | B38: 0.114 | C38: 0.091 | D38: 0.088 | N38: Read 2:696
A39: H | B39: 0.089 | C39: 0.087 | D39: 0.091 | N39: Read 2:696
A41: plate | B41: Platereader well ID | C41: value | D41: sample ID | E41: average blank | F41: blank corrected value | H41: replicate
A42: Read 1:632 | B42: A | C42: =B2 -> 0.088 | D42: blank | E42: =AVERAGE(C42,C50,C58) -> 0.089666667 | F42: =C42-E$42 -> -0.0016666667 | H42: 1
A43: Read 1:632 | B43: B | C43: =B3 -> 0.134 | D43: 98 | F43: =C43-E$42 -> 0.044333333 | H43: 1
A44: Read 1:632 | B44: C | C44: =B4 -> 0.136 | D44: 103 | F44: =C44-E$42 -> 0.046333333 | H44: 1
A45: Read 1:632 | B45: D | C45: =B5 -> 0.114 | D45: 42 | F45: =C45-E$42 -> 0.024333333 | H45: 1
A46: Read 1:632 | B46: E | C46: =B6 -> 0.174 | D46: 50 | F46: =C46-E$42 -> 0.084333333 | H46: 1
A47: Read 1:632 | B47: F | C47: =B7 -> 0.109 | D47: 57 | F47: =C47-E$42 -> 0.019333333 | H47: 1
A48: Read 1:632 | B48: G | C48: =B8 -> 0.155 | D48: 59 | F48: =C48-E$42 -> 0.065333333 | H48: 1
A49: Read 1:632 | B49: H | C49: =B9 -> 0.112 | D49: 79 | F49: =C49-E$42 -> 0.022333333 | H49: 1
A50: Read 1:632 | B50: A | C50: =C2 -> 0.091 | D50: blank | F50: =C50-E$42 -> 0.0013333333 | H50: 2
A51: Read 1:632 | B51: B | C51: =C3 -> 0.117 | D51: 98 | F51: =C51-E$42 -> 0.027333333 | H51: 2
A52: Read 1:632 | B52: C | C52: =C4 -> 0.126 | D52: 103 | F52: =C52-E$42 -> 0.036333333 | H52: 2
A53: Read 1:632 | B53: D | C53: =C5 -> 0.127 | D53: 42 | F53: =C53-E$42 -> 0.037333333 | H53: 2
A54: Read 1:632 | B54: E | C54: =C6 -> 0.135 | D54: 50 | F54: =C54-E$42 -> 0.045333333 | H54: 2
A55: Read 1:632 | B55: F | C55: =C7 -> 0.112 | D55: 57 | F55: =C55-E$42 -> 0.022333333 | H55: 2
A56: Read 1:632 | B56: G | C56: =C8 -> 0.124 | D56: 59 | F56: =C56-E$42 -> 0.034333333 | H56: 2
A57: Read 1:632 | B57: H | C57: =C9 -> 0.112 | D57: 79 | F57: =C57-E$42 -> 0.022333333 | H57: 2
A58: Read 1:632 | B58: A | C58: =D2 -> 0.09 | D58: blank | F58: =C58-E$42 -> 0.00033333333 | H58: 3
A59: Read 1:632 | B59: B | C59: =D3 -> 0.126 | D59: 98 | F59: =C59-E$42 -> 0.036333333 | H59: 3
A60: Read 1:632 | B60: C | C60: =D4 -> 0.118 | D60: 103 | F60: =C60-E$42 -> 0.028333333 | H60: 3
A61: Read 1:632 | B61: D | C61: =D5 -> 0.117 | D61: 42 | F61: =C61-E$42 -> 0.027333333 | H61: 3
A62: Read 1:632 | B62: E | C62: =D6 -> 0.114 | D62: 50 | F62: =C62-E$42 -> 0.024333333 | H62: 3
A63: Read 1:632 | B63: F | C63: =D7 -> 0.116 | D63: 57 | F63: =C63-E$42 -> 0.026333333 | H63: 3
A64: Read 1:632 | B64: G | C64: =D8 -> 0.119 | D64: 59 | F64: =C64-E$42 -> 0.029333333 | H64: 3
A65: Read 1:632 | B65: H | C65: =D9 -> 0.116 | D65: 79 | F65: =C65-E$42 -> 0.026333333 | H65: 3
A66: Read 1:632 | B66: A | C66: =E2 -> 0.121 | D66: 86 | F66: =C66-E$42 -> 0.031333333 | H66: 1
A67: Read 1:632 | B67: B | C67: =E3 -> 0.113 | D67: 26 | F67: =C67-E$42 -> 0.023333333 | H67: 1
A68: Read 1:632 | B68: C | C68: =E4 -> 0.179 | D68: 30 | F68: =C68-E$42 -> 0.089333333 | H68: 1
A69: Read 1:632 | B69: A | C69: =F2 -> 0.125 | D69: 86 | F69: =C69-E$42 -> 0.035333333 | H69: 2
A70: Read 1:632 | B70: B | C70: =F3 -> 0.12 | D70: 26 | F70: =C70-E$42 -> 0.030333333 | H70: 2
A71: Read 1:632 | B71: C | C71: =F4 -> 0.124 | D71: 30 | F71: =C71-E$42 -> 0.034333333 | H71: 2
A72: Read 1:632 | B72: A | C72: =G2 -> 0.11 | D72: 86 | F72: =C72-E$42 -> 0.020333333 | H72: 3
A73: Read 1:632 | B73: B | C73: =G3 -> 0.128 | D73: 26 | F73: =C73-E$42 -> 0.038333333 | H73: 3
A74: Read 1:632 | B74: C | C74: =G4 -> 0.122 | D74: 30 | F74: =C74-E$42 -> 0.032333333 | H74: 3
A75: Read 1:649 | B75: A | C75: =B12 -> 0.086 | D75: blank | E75: =AVERAGE(C75,C83,C91) -> 0.087666667 | F75: =C75-E$75 -> -0.0016666667 | H75: 1
A76: Read 1:649 | B76: B | C76: =B13 -> 0.127 | D76: 98 | F76: =C76-E$75 -> 0.039333333 | H76: 1
A77: Read 1:649 | B77: C | C77: =B14 -> 0.131 | D77: 103 | F77: =C77-E$75 -> 0.043333333 | H77: 1
A78: Read 1:649 | B78: D | C78: =B15 -> 0.109 | D78: 42 | F78: =C78-E$75 -> 0.021333333 | H78: 1
A79: Read 1:649 | B79: E | C79: =B16 -> 0.167 | D79: 50 | F79: =C79-E$75 -> 0.079333333 | H79: 1
A80: Read 1:649 | B80: F | C80: =B17 -> 0.105 | D80: 57 | F80: =C80-E$75 -> 0.017333333 | H80: 1
A81: Read 1:649 | B81: G | C81: =B18 -> 0.145 | D81: 59 | F81: =C81-E$75 -> 0.057333333 | H81: 1
A82: Read 1:649 | B82: H | C82: =B19 -> 0.106 | D82: 79 | F82: =C82-E$75 -> 0.018333333 | H82: 1
A83: Read 1:649 | B83: A | C83: =C12 -> 0.089 | D83: blank | F83: =C83-E$75 -> 0.0013333333 | H83: 2
A84: Read 1:649 | B84: B | C84: =C13 -> 0.111 | D84: 98 | F84: =C84-E$75 -> 0.023333333 | H84: 2
A85: Read 1:649 | B85: C | C85: =C14 -> 0.121 | D85: 103 | F85: =C85-E$75 -> 0.033333333 | H85: 2
A86: Read 1:649 | B86: D | C86: =C15 -> 0.122 | D86: 42 | F86: =C86-E$75 -> 0.034333333 | H86: 2
A87: Read 1:649 | B87: E | C87: =C16 -> 0.124 | D87: 50 | F87: =C87-E$75 -> 0.036333333 | H87: 2
A88: Read 1:649 | B88: F | C88: =C17 -> 0.107 | D88: 57 | F88: =C88-E$75 -> 0.019333333 | H88: 2
A89: Read 1:649 | B89: G | C89: =C18 -> 0.117 | D89: 59 | F89: =C89-E$75 -> 0.029333333 | H89: 2
A90: Read 1:649 | B90: H | C90: =C19 -> 0.105 | D90: 79 | F90: =C90-E$75 -> 0.017333333 | H90: 2
A91: Read 1:649 | B91: A | C91: =D12 -> 0.088 | D91: blank | F91: =C91-E$75 -> 0.00033333333 | H91: 3
A92: Read 1:649 | B92: B | C92: =D13 -> 0.12 | D92: 98 | F92: =C92-E$75 -> 0.032333333 | H92: 3
A93: Read 1:649 | B93: C | C93: =D14 -> 0.115 | D93: 103 | F93: =C93-E$75 -> 0.027333333 | H93: 3
A94: Read 1:649 | B94: D | C94: =D15 -> 0.113 | D94: 42 | F94: =C94-E$75 -> 0.025333333 | H94: 3
A95: Read 1:649 | B95: E | C95: =D16 -> 0.108 | D95: 50 | F95: =C95-E$75 -> 0.020333333 | H95: 3
A96: Read 1:649 | B96: F | C96: =D17 -> 0.113 | D96: 57 | F96: =C96-E$75 -> 0.025333333 | H96: 3
A97: Read 1:649 | B97: G | C97: =D18 -> 0.113 | D97: 59 | F97: =C97-E$75 -> 0.025333333 | H97: 3
A98: Read 1:649 | B98: H | C98: =D19 -> 0.11 | D98: 79 | F98: =C98-E$75 -> 0.022333333 | H98: 3
A99: Read 1:649 | B99: A | C99: =E12 -> 0.114 | D99: 86 | F99: =C99-E$75 -> 0.026333333 | H99: 1
A100: Read 1:649 | B100: B | C100: =E13 -> 0.11 | D100: 26 | F100: =C100-E$75 -> 0.022333333 | H100: 1
A101: Read 1:649 | B101: C | C101: =E14 -> 0.173 | D101: 30 | F101: =C101-E$75 -> 0.085333333 | H101: 1
A102: Read 1:649 | B102: A | C102: =F12 -> 0.117 | D102: 86 | F102: =C102-E$75 -> 0.029333333 | H102: 2
A103: Read 1:649 | B103: B | C103: =F13 -> 0.117 | D103: 26 | F103: =C103-E$75 -> 0.029333333 | H103: 2
A104: Read 1:649 | B104: C | C104: =F14 -> 0.12 | D104: 30 | F104: =C104-E$75 -> 0.032333333 | H104: 2
...

Sheet Surface Area
A1: surface area estimate
A3: sample ID | B3: SA
A4: blank | B4: NA
A5: 98 | B5: 2.1708393
A6: 103 | B6: 2.01056
A7: 42 | B7: 2.4187131
A8: 50 | B8: 2.2464144
A9: 57 | B9: 2.6249871
A10: 59 | B10: 2.8928691
A11: 79 | B11: 2.3951424
A12: 86 | B12: 2.7593994
A13: 26 | B13: 1.875865
A14: 30 | B14: 2.7232407

Sheet read 1 versus read 2
A3: read | B3: sample ID | C3: cl_a | D3: cl_b | E3: cl_c | F3: cl_d | G3: cl_total
A4: 1 | B4: blank | C4: 0 | D4: 0 | E4: 0 | F4: 0 | G4: 0
A5: 1 | B5: 98 | C5: 0.11986873 | D5: 0.022498475 | E5: 0.092345927 | F5: -0.017819323 | G5: 0.24718608
A6: 1 | B6: 103 | C6: 0.14375109 | D6: 0.029294013 | E6: 0.095175828 | F6: -0.022994839 | G6: 0.28500921
A7: 1 | B7: 42 | C7: 0.088667764 | D7: 0.023097116 | E7: 0.066449861 | F7: -0.0061596309 | G7: 0.18047129
A8: 1 | B8: 50 | C8: 0.091551939 | D8: 0.060127648 | E8: 0.13365504 | F8: -0.053291942 | G8: 0.33311156
A9: 1 | B9: 57 | C9: 0.059081521 | D9: 0.018952871 | E9: 0.045270946 | F9: -0.0095004999 | G9: 0.13013229
A10: 1 | B10: 59 | C10: 0.087971776 | D10: 0.033056328 | E10: 0.087157693 | F10: -0.020879685 | G10: 0.2247205
A11: 1 | B11: 79 | C11: 0.064399702 | D11: 0.013695901 | E11: 0.059649961 | F11: -0.0057161514 | G11: 0.14046458
A12: 1 | B12: 86 | C12: 0.080570867 | D12: 0.0072377067 | E12: 0.060828139 | F12: -0.0054332627 | G12: 0.057635287
A13: 1 | B13: 26 | C13: 0.16391735 | D13: 0.0035596777 | E13: 0.085348826 | F13: -0.021588139 | G13: 0.24008182
A14: 1 | B14: 30 | C14: 0.13949624 | D14: 0.027666248 | E14: 0.088573688 | F14: -0.04221593 | G14: 0.27734617
A15: 2 | B15: blank | C15: 0 | D15: 0 | E15: 0 | F15: 0 | G15: 0
A16: 2 | B16: 98 | C16: 0.14473058 | D16: 0.0086393412 | E16: 0.087080619 | F16: -0.018819527 | G16: 0.25327958
A17: 2 | B17: 103 | C17: 0.1735309 | D17: 0.01021431 | E17: 0.090418912 | F17: -0.023413973 | G17: 0.29059479
A18: 2 | B18: 42 | C18: 0.12856779 | D18: -0.00030244802 | E18: 0.061146981 | F18: -0.0067346212 | G18: 0.19117732
A19: 2 | B19: 50 | C19: 0.1063314 | D19: 0.054932717 | E19: 0.12793335 | F19: -0.056016245 | G19: 0.33932323
A20: 2 | B20: 57 | C20: 0.079735542 | D20: 0.0043266701 | E20: 0.043680432 | F20: -0.0098002791 | G20: 0.13431199
A21: 2 | B21: 59 | C21: 0.1150215 | D21: 0.013778009 | E21: 0.080384667 | F21: -0.019272479 | G21: 0.2234665
A22: 2 | B22: 79 | C22: 0.083055288 | D22: 0.0033001795 | E22: 0.055443089 | F22: -0.0065668955 | G22: 0.14488795
A23: 2 | B23: 86 | C23: 0.080570867 | D23: 0.0072377067 | E23: 0.060828139 | F23: -0.0054332627 | G23: 0.058271614
A24: 2 | B24: 26 | C24: 0.16366669 | D24: 0.0086011536 | E24: 0.076058767 | F24: -0.0230431 | G24: 0.23919741
A25: 2 | B25: 30 | C25: 0.13803501 | D25: 0.028106252 | E25: 0.095792227 | F25: -0.045898372 | G25: 0.2971881
